Workbook
Name ASD: '[1]Paste Consol Stats Values'!$Z$3
Name Asof_os: [1]BALNCMB!$V$7
Name ConsolGenFunds: [1]BALNCMB!#REF!
Name ConsolGenFunds: [1]BALNCMB!#REF!
Name DATA: #REF!
Name FinanceDR: [2]FinancialData!$G:$BF
Name FinanceDR: [3]FinancialData!$G:$AW
Name FinFYDataRange: [4]FinancialData!$H:$CC
Name FinFYDataRange: [5]FinancialData!$H:$CC
Name FYDataRange: [6]Data!$G:$BL
Name FYDataRange: [7]Data!$G:$BL
Name layout_name_os: [1]BALNCMB!$V$4
Name NvsASD: "V2008-08-31"
Name NvsAutoDrillOk: "VN"
Name NvsElapsedTime: 0.00333333333401242
Name NvsEndTime: 39701.678912037
Name NvsInstLang: "VENG"
Name NvsInstSpec: "%,FFUND_CODE,TOSUMC_FUND_DETAIL,NCONSOL_OFI_RU"
Name NvsInstSpec1: ","
Name NvsInstSpec2: ","
Name NvsInstSpec3: ","
Name NvsInstSpec4: ","
Name NvsInstSpec5: ","
Name NvsInstSpec6: ","
Name NvsInstSpec7: ","
Name NvsInstSpec8: ","
Name NvsInstSpec9: ","
Name NvsLayoutType: "M3"
Name NvsNplSpec: "%,X,RPF..nplosion1,CZF.."
Name NvsPanelEffdt: "V1994-01-01"
Name NvsPanelSetid: "VUNIV"
Name NvsReqBU: "VOSUMC"
Name NvsReqBUOnly: "VY"
Name NvsTransLed: "VN"
Name NvsTreeASD: "V2008-08-31"
Name NvsValTbl.ACCOUNT: "GL_ACCOUNT_TBL"
Name NvsValTbl.FUND_CODE: "FUND_TBL"
Name scope_val_dept_ios: [1]BALNCMB!#REF!
Name scope_val_dept_ios: [1]BALNCMB!#REF!
Name scope_val_dept_os: [1]BALNCMB!#REF!
Name scope_val_dept_os: [1]BALNCMB!#REF!
Name scope_value_fund_os: [1]BALNCMB!$V$9
Name scp_valu_dept_os: #REF!
Name scp_valu_dept_os: #REF!
Name scp_valudept_ios: #REF!
Name scp_valudept_ios: #REF!
Name Sep_FY14: #REF!
Name Sep_FY14: #REF!
Name SFD: [1]BALNCMB!$V$6
Name SFV: [1]BALNCMB!$V$5
Name yyyy: [1]BALNCMB!#REF!
Name zzz: [1]BALNCMB!#REF!
Name zzz: [1]BALNCMB!#REF!
Name zzzz: [1]BALNCMB!#REF!
Name zzzz: [1]BALNCMB!#REF!
Name zzzzz: [1]BALNCMB!#REF!
Name zzzzz: [1]BALNCMB!#REF!

Sheet Dashboard
A1: ="Med Center Express Dashboard - " & 'Start Here'!F6 -> Med Center Express Dashboard - January 2026
A3: 1. Headway - Frequency Between Buses
C4: ="Headway (Mins.) - " & 'Start Here'!F6 -> Headway (Mins.) - January 2026
B5: Time Period | C5: Target Headway (mins.) | D5: 50th-%ile Actual (mins.)* | E5: 75th-%ile Actual (mins.)* | F5: 90th-%ile Actual (mins.)*
B6: 5-6a | C6: 10 | D6: =Calculations!D4 -> 0 | E6: =Calculations!E4 -> 0 | F6: =Calculations!F4 -> 0
B7: 6-7a | C7: 3 | D7: =Calculations!D5 -> 0 | E7: =Calculations!E5 -> 0 | F7: =Calculations!F5 -> 0
B8: 7-8a | C8: 3 | D8: =Calculations!D6 -> 0 | E8: =Calculations!E6 -> 0 | F8: =Calculations!F6 -> 0
B9: 8a-2p | C9: 10 | D9: =Calculations!D7 -> 0 | E9: =Calculations!E7 -> 0 | F9: =Calculations!F7 -> 0
B10: 2-8p | C10: 5 | D10: =Calculations!D8 -> 0 | E10: =Calculations!E8 -> 0 | F10: =Calculations!F8 -> 0
B11: 8-10p | C11: 10 | D11: =Calculations!D9 -> 0 | E11: =Calculations!E9 -> 0 | F11: =Calculations!F9 -> 0
B12: 10p-12a | C12: 5 | D12: =Calculations!D10 -> 0 | E12: =Calculations!E10 -> 0 | F12: =Calculations!F10 -> 0
B13: * Values are estimates based on unweighted averages of the samples for the 4 stops (M-F)
B14: ** Estimated weighted average of % at or below target for each time period (using all trips in a month for weighting)
A16: 2. Capacity
C17: ="Passenger Load - " & 'Start Here'!F6 -> Passenger Load - January 2026
B18: Time Period | C18: Passenger Count Categories
C19: 0-30 | D19: 30-50 | E19: 50-65 | F19: 65+
B20: 5-6a | C20: =Calculations!C20 -> #DIV/0! | D20: =Calculations!D20 -> #DIV/0! | E20: =Calculations!E20 -> #DIV/0! | F20: =Calculations!F20 -> #DIV/0!
B21: 6-7a | C21: =Calculations!C21 -> #DIV/0! | D21: =Calculations!D21 -> #DIV/0! | E21: =Calculations!E21 -> #DIV/0! | F21: =Calculations!F21 -> #DIV/0!
B22: 7-8a | C22: =Calculations!C22 -> #DIV/0! | D22: =Calculations!D22 -> #DIV/0! | E22: =Calculations!E22 -> #DIV/0! | F22: =Calculations!F22 -> #DIV/0!
B23: 8a-2p | C23: =Calculations!C23 -> #DIV/0! | D23: =Calculations!D23 -> #DIV/0! | E23: =Calculations!E23 -> #DIV/0! | F23: =Calculations!F23 -> #DIV/0!
B24: 2-8p | C24: =Calculations!C24 -> #DIV/0! | D24: =Calculations!D24 -> #DIV/0! | E24: =Calculations!E24 -> #DIV/0! | F24: =Calculations!F24 -> #DIV/0!
B25: 8-10p | C25: =Calculations!C25 -> #DIV/0! | D25: =Calculations!D25 -> #DIV/0! | E25: =Calculations!E25 -> #DIV/0! | F25: =Calculations!F25 -> #DIV/0!
B26: 10p-12a | C26: =Calculations!C26 -> #DIV/0! | D26: =Calculations!D26 -> #DIV/0! | E26: =Calculations!E26 -> #DIV/0! | F26: =Calculations!F26 -> #DIV/0!
B27: # Trips | C27: =Calculations!C27 -> 0 | D27: =Calculations!D27 -> 0 | E27: =Calculations!E27 -> 0 | F27: =Calculations!F27 -> 0
B28: % for Month | C28: =Calculations!C28 -> #DIV/0! | D28: =Calculations!D28 -> #DIV/0! | E28: =Calculations!E28 -> #DIV/0! | F28: =Calculations!F28 -> #DIV/0!
B29: % CYTD* | C29: =Calculations!C29 -> #DIV/0! | D29: =Calculations!D29 -> #DIV/0! | E29: =Calculations!E29 -> #DIV/0! | F29: =Calculations!F29 -> #DIV/0!
B30: Buses vary in seat capacity from 31 to 43. Passenger volume is collected via automated sensors and may be slightly inaccurate.
B31: * Calendar YTD (Beginning in January)
A33: 3. Travel Time
A46: 4. Traffic Accidents - Med Center Express
C48: Riders in Accidents as % of Total Riders
B49: =UPPER(LEFT('Start Here'!F6,3)) & " 2026" -> JAN 2026 | C49: =Calculations!P36/Calculations!P35 -> #DIV/0! | E49: =Calculations!P36 & " in " & TEXT(Calculations!P35,"#,#") -> 0 in
B50: CYTD*: | C50: =Calculations!O34/Calculations!O33 -> #DIV/0! | E50: =Calculations!O34 & " in " & TEXT(Calculations!O33,"#,#") -> 0 in
B51: * Calendar YTD (Beginning in January)
B53: Date | C53: Injuries? | D53: Police Report? | E53: OSU At Fault? | F53: # Riders in Bus | G53: Notes
B54: N/A
E55: CYTD: | F55: =SUM(F54:F54) -> 0 | N55: ="Prepared by C. Morgan " & TEXT('Start Here'!F36,"M/D/YY") -> Prepared by C. Morgan 1/0/00

Sheet Definitions
A1: Med Center Express Dashboard - December 2019
B3: Med Center Express Dashboard Definitions | Z3: 0.76
B4: Metric | C4: Definition | D4: Source | E4: Comments
B5: 1. Headway- Frequency Between Buses | C5: This is the difference in time between the arrival of buses. It is based on an unweighted average of the sample headways for Carmack 2, Carmack 3, University Hospital, and Doan Hall for each time period listed. The percentage of all trips at or below the target is based on a weighted average of the percentage under target for each time period. Prior to June 2022, this information was produced by the College of Engineering's Transit Lab from raw passenger data generated by the Clever Devices system on each bus. Through quality checks using sample video comparisons, it was determined TTM can produce more accurate and auditable information. | D5: Headway report produced internally by TTM's Transportation Data Analyst. Data is generated by the Clever Devices system on each bus and scrubbed through the Ridecheck+ software.
B6: 2. Capacity | C6: This is the percentage of trips for each capacity category for the month, as well as a total volume for each category. Buses vary in number of seats from 31 to 43, and in area available for standing passengers. Overcapacity is defined as a bus having 65 or more passengers for a trip, which would include both seated and standing passengers. Prior to June 2022, this information was produced by the College of Engineering's Transit Lab from raw passenger data generated by the Clever Devices system on each bus. Through quality checks using sample video comparisons, it was determined TTM can produce more accurate and auditable information. | D6: Passenger loads calculated internally by TTM's Transportation Data Analyst. The passenger counts are collected via automatic passenger counters on the buses and may be slightly inaccurate. Data is then scrubbed through the Ridecheck+ software. | E6: 4.94 | F6: 6.14 | W6: 499 | X6: 0.9912
B7: 3. Travel Time | C7: Travel time is shown for Carmack 2 to University Hospital, which is measured from the time a bus departs Carmack 2 until it arrives at University Hospital. It does not include the dwell time at Carmack 2, but it does include any dwell time at Carmack 3 or Carmack 5. Doan Hall to Carmack 2 travel time is measured from the time a bus departs Doan Hall until it arrives at Carmack 2. | D7: Data is collected by the Clever Devices system on each bus and reported through the Ridecheck+ reporting software. | E7: 1.97 | W7: 1077 | X7: 0.9214
B8: 4. Traffic Accidents - Med Center Express | C8: The number of riders involved in traffic accidents on Med Center Express divided by total Med Center Express ridership. | D8: OSU's accident database (Access), which is housed in TTM. | E8: 2.29 | F8: 3.14 | W8: 912 | X8: 0.8781
D9: 6.22 | E9: 7.82 | F9: 9.23 | W9: 1625 | X9: 0.9481
D10: 2.55 | E10: 3.64 | F10: 4.66 | W10: 3549 | X10: 0.608
D11: 8.16 | E11: 9.81 | F11: 11.07 | W11: 413 | X11: 0.7687
D12: 3.08 | E12: 4.58 | F12: 5.96 | W12: 1063 | X12: 0.4834
C17: Passenger Load - April 2019
C20: 0.9539 | D20: 0.0461 | E20: 0 | F20: 0
C21: 0.7465 | D21: 0.2368 | E21: 0.0158 | F21: 0.0009 | Z21: 0.0025
C22: 0.7511 | D22: 0.2182 | E22: 0.0285 | F22: 0.0022
C23: 0.6492 | D23: 0.2788 | E23: 0.0628 | F23: 0.0092
C24: 0.7611 | D24: 0.224 | E24: 0.0135 | F24: 0.0014
C25: 0.9879 | D25: 0.0121 | E25: 0 | F25: 0
C26: 0.9925 | D26: 0.0075 | E26: 0 | F26: 0
C27: 7184 | D27: 1738 | E27: 193 | F27: 23
C28: 0.78616765 | D28: 0.19019479 | E28: 0.02 | F28: 0.0025 | I28: In April, buses were overcapacity 0.25% of total trips (23 of 9,138 trips)
C29: 0.8177 | D29: 0.1624 | E29: 0.0174 | F29: 0.0023
F35: Apr | L35: Apr
F36: 7.1 | AC36: 1077
F37: 9.6 | L37: 5.2 | AC37: 912
F38: 10.2 | AC38: 1625
F39: 9.4 | AC39: 3549
F40: 8.7 | AC40: 413
F41: 8.5 | L41: 4.8 | AC41: 1063
F42: =(F36*AC36+F37*AC37+F38*AC38+F39*AC39+F40*AC40+F41*AC41)/AC42 -> #DIV/0! | L42: =(L36*AC36+L37*AC37+L38*AC38+L39*AC39+L40*AC40+L41*AC41)/AC42 -> #DIV/0!
B49: Apr 2019: | E49: 0 in 181,862
E50: 70 in 1.60 Million

Sheet Start Here
B1: NOTE: For detailed instructions and documentation for the code of this dashboard, use README.md or visit the github repo at https://github.com/morgan1461/WMC-dashboard
B4: X | D4: Set the month and year of the time period that the dashboard is for:
E6: Time Period: | F6: January 2026
B8: X | D8: If BusState for the month has not been processed, process BusState in the jupyter notebook stored at ~\Data\WMC_Dashboard\busstate_processing_pipeline.ipynb
E11: NOTE: This script should take approximately 3-5 minutes to run as it is reading millions of entries. Depending on what machine it is running on do not be concerned if it takes 5+ minutes.
D14: Run jupyter notebook to process Med Center Express data with ~\Data\WMC_Dashboard\med_center_dashboard_metrics.ipynb
E17: Get boardings from TotalBoardings-MON-YEAR.txt and put HERE:
E18: NOTE: This script will also take a while to run as it is performing 6 distance calculations for each of the nearly million entries. Don't be concerned if it takes 5+ minutes to complete.
D21: Navigate to the created subfolder for the appropriate month in ~\Data\WMC_Dashboard\Dashboard Data\YEAR\MONTH\
E24: Open 1. Headways output and paste table HERE.
E26: Open 2. Capacity output and paste table HERE.
E28: Open 3. Travel Time output and paste loop counts HERE.
D30: Transpose all data highlighted into corresponding spots HERE.
E32: Travel times calculations get tranposed into appropriate chart based on direction.
D34: Enter date prepared when finished.
E36: Date finished:

Sheet Data Landing Pad
B2: 1. Headway - Frequency Between Buses | L2: 2. Capacity | U2: 3. Travel Time
C4: Paste headways output from R Script here: | M4: Paste dashboard output from R Script here: | V4: Paste runtime output from R script here:
C6: Time | D6: Met | E6: 0.5 | F6: 0.75 | G6: 0.9 | M6: Time | N6: Loops | O6: 0-30 | P6: 30-50 | Q6: 50-65 | R6: 65+ | V6: Time | W6: Loops | X6: CMCK2:UH/DOAN | Y6: DOAN:UH/CMCK2
C7: 5-6a | M7: 5-6a | V7: 5:30-7a
C8: 6-7a | M8: 6-7a | V8: 7-10a
C9: 7-8a | M9: 7-8a | V9: 10a-4p
C10: 8a-2p | M10: 8a-2p | V10: 4-7p
C11: 2-8p | M11: 2-8p | V11: 7p-12a
C12: 8-10p | M12: 8-10p | V12: 12-5a
C13: 10p-12a | M13: 10p-12a

Sheet Calculations
C2: ="Headway (Mins.) - " & 'Start Here'!F6 -> Headway (Mins.) - January 2026
B3: Time Period | C3: Target Headway (mins.) | D3: 50th-%ile Actual (mins.)* | E3: 75th-%ile Actual (mins.)* | F3: 90th-%ile Actual (mins.)* | G3: #trips | H3: % at or below target
B4: 5-6a | C4: 10 | D4: ='Data Landing Pad'!E7 -> 0 | E4: ='Data Landing Pad'!F7 -> 0 | F4: ='Data Landing Pad'!G7 -> 0 | G4: ='Data Landing Pad'!N7 -> 0 | H4: ='Data Landing Pad'!D7 -> 0 | P4: Avg. Minutes from Carmack 2 to University Hospital* | AD4: Avg. Minutes from Doan Hall to Carmack 2*
B5: 6-7a | C5: 3 | D5: ='Data Landing Pad'!E8 -> 0 | E5: ='Data Landing Pad'!F8 -> 0 | F5: ='Data Landing Pad'!G8 -> 0 | G5: ='Data Landing Pad'!N8 -> 0 | H5: ='Data Landing Pad'!D8 -> 0 | P5: Time Period | Q5: Jan | R5: Feb | S5: Mar | T5: Apr | U5: May | V5: Jun | W5: Jul | X5: Aug | Y5: Sep | Z5: Oct | AA5: Nov | AB5: Dec | AD5: Time Period | AE5: Jan | AF5: Feb | AG5: Mar | AH5: Apr | AI5: May | AJ5: Jun | AK5: Jul | AL5: Aug | AM5: Sep | AN5: Oct | AO5: Nov | AP5: Dec
B6: 7-8a | C6: 3 | D6: ='Data Landing Pad'!E9 -> 0 | E6: ='Data Landing Pad'!F9 -> 0 | F6: ='Data Landing Pad'!G9 -> 0 | G6: ='Data Landing Pad'!N9 -> 0 | H6: ='Data Landing Pad'!D9 -> 0 | P6: 5:30-7a | AD6: 5:30-7a
B7: 8a-2p | C7: 10 | D7: ='Data Landing Pad'!E10 -> 0 | E7: ='Data Landing Pad'!F10 -> 0 | F7: ='Data Landing Pad'!G10 -> 0 | G7: ='Data Landing Pad'!N10 -> 0 | H7: ='Data Landing Pad'!D10 -> 0 | P7: 7-10a | AD7: 7-10a
B8: 2-8p | C8: 5 | D8: ='Data Landing Pad'!E11 -> 0 | E8: ='Data Landing Pad'!F11 -> 0 | F8: ='Data Landing Pad'!G11 -> 0 | G8: ='Data Landing Pad'!N11 -> 0 | H8: ='Data Landing Pad'!D11 -> 0 | P8: 10a-4p | AD8: 10a-4p
B9: 8-10p | C9: 10 | D9: ='Data Landing Pad'!E12 -> 0 | E9: ='Data Landing Pad'!F12 -> 0 | F9: ='Data Landing Pad'!G12 -> 0 | G9: ='Data Landing Pad'!N12 -> 0 | H9: ='Data Landing Pad'!D12 -> 0 | P9: 4p-7p | AD9: 4p-7p
B10: 10p-12a | C10: 5 | D10: ='Data Landing Pad'!E13 -> 0 | E10: ='Data Landing Pad'!F13 -> 0 | F10: ='Data Landing Pad'!G13 -> 0 | G10: ='Data Landing Pad'!N13 -> 0 | H10: ='Data Landing Pad'!D13 -> 0 | P10: 7p-12a | AD10: 7p-12a
G11: =SUM(G4:G10) -> 0 | H11: =(G4*H4+G5*H5+G6*H6+G7*H7+G8*H8+G9*H9+G10*H10)/G11 -> #DIV/0! | P11: 12a-5a | AD11: 12a-5a
P12: Wtd. Avg. | Q12: =IF(Q6="","",(Q6*Q19+Q7*Q20+Q8*Q21+Q9*Q22+Q10*Q23+Q11*Q24)/Q25) | R12: =IF(R6="","",(R6*R19+R7*R20+R8*R21+R9*R22+R10*R23+R11*R24)/R25) | S12: =IF(S6="","",(S6*S19+S7*S20+S8*S21+S9*S22+S10*S23+S11*S24)/S25) | T12: =IF(T6="","",(T6*T19+T7*T20+T8*T21+T9*T22+T10*T23+T11*T24)/T25) | U12: =IF(U6="","",(U6*U19+U7*U20+U8*U21+U9*U22+U10*U23+U11*U24)/U25) | V12: =IF(V6="","",(V6*V19+V7*V20+V8*V21+V9*V22+V10*V23+V11*V24)/V25) | W12: =IF(W6="","",(W6*W19+W7*W20+W8*W21+W9*W22+W10*W23+W11*W24)/W25) | X12: =IF(X6="","",(X6*X19+X7*X20+X8*X21+X9*X22+X10*X23+X11*X24)/X25) | ... AB12: =IF(AB6="","",(AB6*AB19+AB7*AB20+AB8*AB21+AB9*AB22+AB10*AB23+AB11*AB24)/AB25) | AD12: Wtd. Avg. | AE12: =IF(AE6="","",(AE6*Q19+AE7*Q20+AE8*Q21+AE9*Q22+AE10*Q23+AE11*Q24)/Q25) | AF12: =IF(AF6="","",(AF6*R19+AF7*R20+AF8*R21+AF9*R22+AF10*R23+AF11*R24)/R25) | AG12: =IF(AG6="","",(AG6*S19+AG7*S20+AG8*S21+AG9*S22+AG10*S23+AG11*S24)/S25) | AH12: =IF(AH6="","",(AH6*T19+AH7*T20+AH8*T21+AH9*T22+AH10*T23+AH11*T24)/T25) | AI12: =IF(AI6="","",(AI6*U19+AI7*U20+AI8*U21+AI9*U22+AI10*U23+AI11*U24)/U25) | AJ12: =IF(AJ6="","",(AJ6*V19+AJ7*V20+AJ8*V21+AJ9*V22+AJ10*V23+AJ11*V24)/V25) | AK12: =IF(AK6="","",(AK6*W19+AK7*W20+AK8*W21+AK9*W22+AK10*W23+AK11*W24)/W25) | AL12: =IF(AL6="","",(AL6*X19+AL7*X20+AL8*X21+AL9*X22+AL10*X23+AL11*X24)/X25) | ... AP12: =IF(AP6="","",(AP6*AB19+AP7*AB20+AP8*AB21+AP9*AB22+AP10*AB23+AP11*AB24)/AB25)
B13: Headway on Time Weighted % | P13: * Departure from Carmack 2 to arrival at University Hospital. | AD13: * Departure from Doan Hall to arrival at Carmack 2.
B14: Jan | C14: Feb | D14: Mar | E14: Apr | F14: May | G14: Jun | H14: Jul | I14: Aug | J14: Sep | K14: Oct | L14: Nov | M14: Dec | P14: Includes stops at Carmack 3 and Carmack 5.
AF16: 2:DOAN | AG16: DOAN:2
C17: ="Passenger Load - " & 'Start Here'!F6 -> Passenger Load - January 2026 | P17: # of Trips in RideCheck Time Frames
B18: Time Period | C18: Passenger Count | P18: Time | Q18: Jan | R18: Feb | S18: Mar | T18: Apr | U18: May | V18: Jun | W18: Jul | X18: Aug | Y18: Sep | Z18: Oct | AA18: Nov | AB18: Dec | AD18: ='Data Landing Pad'!V6 -> Time | AE18: ='Data Landing Pad'!W6 -> Loops
C19: 0-30 | D19: 30-50 | E19: 50-65 | F19: 65+ | P19: 5:30-7a | AD19: ='Data Landing Pad'!V7 -> 5:30-7a | AE19: ='Data Landing Pad'!W7 -> 0 | AF19: =SUM('Data Landing Pad'!X7:X7) -> 0 | AG19: ='Data Landing Pad'!Y7 -> 0
B20: 5-6a | C20: ='Data Landing Pad'!O7/SUM('Data Landing Pad'!$O7:$R7) -> #DIV/0! | D20: ='Data Landing Pad'!P7/SUM('Data Landing Pad'!$O7:$R7) -> #DIV/0! | E20: ='Data Landing Pad'!Q7/SUM('Data Landing Pad'!$O7:$R7) -> #DIV/0! | F20: ='Data Landing Pad'!R7/SUM('Data Landing Pad'!$O7:$R7) -> #DIV/0! | P20: 7-10a | AD20: ='Data Landing Pad'!V8 -> 7-10a | AE20: ='Data Landing Pad'!W8 -> 0 | AF20: =SUM('Data Landing Pad'!X8:X8) -> 0 | AG20: ='Data Landing Pad'!Y8 -> 0
B21: 6-7a | C21: ='Data Landing Pad'!O8/SUM('Data Landing Pad'!$O8:$R8) -> #DIV/0! | D21: ='Data Landing Pad'!P8/SUM('Data Landing Pad'!$O8:$R8) -> #DIV/0! | E21: ='Data Landing Pad'!Q8/SUM('Data Landing Pad'!$O8:$R8) -> #DIV/0! | F21: ='Data Landing Pad'!R8/SUM('Data Landing Pad'!$O8:$R8) -> #DIV/0! | P21: 10a-4p | AD21: ='Data Landing Pad'!V9 -> 10a-4p | AE21: ='Data Landing Pad'!W9 -> 0 | AF21: =SUM('Data Landing Pad'!X9:X9) -> 0 | AG21: ='Data Landing Pad'!Y9 -> 0
B22: 7-8a | C22: ='Data Landing Pad'!O9/SUM('Data Landing Pad'!$O9:$R9) -> #DIV/0! | D22: ='Data Landing Pad'!P9/SUM('Data Landing Pad'!$O9:$R9) -> #DIV/0! | E22: ='Data Landing Pad'!Q9/SUM('Data Landing Pad'!$O9:$R9) -> #DIV/0! | F22: ='Data Landing Pad'!R9/SUM('Data Landing Pad'!$O9:$R9) -> #DIV/0! | P22: 4p-7p | AD22: ='Data Landing Pad'!V10 -> 4-7p | AE22: ='Data Landing Pad'!W10 -> 0 | AF22: =SUM('Data Landing Pad'!X10:X10) -> 0 | AG22: ='Data Landing Pad'!Y10 -> 0
B23: 8a-2p | C23: ='Data Landing Pad'!O10/SUM('Data Landing Pad'!$O10:$R10) -> #DIV/0! | D23: ='Data Landing Pad'!P10/SUM('Data Landing Pad'!$O10:$R10) -> #DIV/0! | E23: ='Data Landing Pad'!Q10/SUM('Data Landing Pad'!$O10:$R10) -> #DIV/0! | F23: ='Data Landing Pad'!R10/SUM('Data Landing Pad'!$O10:$R10) -> #DIV/0! | P23: 7p-12a | AD23: ='Data Landing Pad'!V11 -> 7p-12a | AE23: ='Data Landing Pad'!W11 -> 0 | AF23: =SUM('Data Landing Pad'!X11:X11) -> 0 | AG23: ='Data Landing Pad'!Y11 -> 0
B24: 2-8p | C24: ='Data Landing Pad'!O11/SUM('Data Landing Pad'!$O11:$R11) -> #DIV/0! | D24: ='Data Landing Pad'!P11/SUM('Data Landing Pad'!$O11:$R11) -> #DIV/0! | E24: ='Data Landing Pad'!Q11/SUM('Data Landing Pad'!$O11:$R11) -> #DIV/0! | F24: ='Data Landing Pad'!R11/SUM('Data Landing Pad'!$O11:$R11) -> #DIV/0! | P24: 12a-5a | AD24: ='Data Landing Pad'!V12 -> 12-5a | AE24: ='Data Landing Pad'!W12 -> 0 | AF24: =SUM('Data Landing Pad'!X12:X12) -> 0 | AG24: ='Data Landing Pad'!Y12 -> 0
B25: 8-10p | C25: ='Data Landing Pad'!O12/SUM('Data Landing Pad'!$O12:$R12) -> #DIV/0! | D25: ='Data Landing Pad'!P12/SUM('Data Landing Pad'!$O12:$R12) -> #DIV/0! | E25: ='Data Landing Pad'!Q12/SUM('Data Landing Pad'!$O12:$R12) -> #DIV/0! | F25: ='Data Landing Pad'!R12/SUM('Data Landing Pad'!$O12:$R12) -> #DIV/0! | Q25: =SUM(Q19:Q24) -> 0 | R25: =SUM(R19:R24) -> 0 | S25: =SUM(S19:S24) -> 0 | T25: =SUM(T19:T24) -> 0 | U25: =SUM(U19:U24) -> 0 | V25: =SUM(V19:V24) -> 0 | W25: =SUM(W19:W24) -> 0 | X25: =SUM(X19:X24) -> 0 | ... AB25: =SUM(AB19:AB24) -> 0
B26: 10p-12a | C26: ='Data Landing Pad'!O13/SUM('Data Landing Pad'!$O13:$R13) -> #DIV/0! | D26: ='Data Landing Pad'!P13/SUM('Data Landing Pad'!$O13:$R13) -> #DIV/0! | E26: ='Data Landing Pad'!Q13/SUM('Data Landing Pad'!$O13:$R13) -> #DIV/0! | F26: ='Data Landing Pad'!R13/SUM('Data Landing Pad'!$O13:$R13) -> #DIV/0!
B27: # Trips | C27: =SUM('Data Landing Pad'!O7:O13) -> 0 | D27: =SUM('Data Landing Pad'!P7:P13) -> 0 | E27: =SUM('Data Landing Pad'!Q7:Q13) -> 0 | F27: =SUM('Data Landing Pad'!R7:R13) -> 0
B28: % for Month | C28: =C27/SUM($C27:$F27) -> #DIV/0! | D28: =D27/SUM($C27:$F27) -> #DIV/0! | E28: =E27/SUM($C27:$F27) -> #DIV/0! | F28: =F27/SUM($C27:$F27) -> #DIV/0!
B29: % CYTD* | C29: =SUM(B33:M33)/SUM(B33:M36) -> #DIV/0! | D29: =SUM(B34:M34)/SUM(B33:M36) -> #DIV/0! | E29: =SUM(B35:M35)/SUM(B33:M36) -> #DIV/0! | F29: =SUM(B36:M36)/SUM(B33:M36) -> #DIV/0!
B31: Trips by PAX Load Type | P31: # of PAX Injured and Total Ridership
B32: Jan | C32: Feb | D32: Mar | E32: Apr | F32: May | G32: Jun | H32: Jul | I32: Aug | J32: Sep | K32: Oct | L32: Nov | M32: Dec | P32: Jan | Q32: Feb | S32: Mar | U32: Apr | W32: May | Y32: Jun | AA32: Jul | AC32: Aug | AD32: Sep | AE32: Oct | AG32: Nov | AI32: Dec
O33: =SUM(P33:AJ33) -> 0
O34: =SUM(P34:AJ34) -> 0 | P34: 0
O35: current: | P35: ='Start Here'!I17 -> 0
P36: 0
B38: % of Trips Overcapacity
B39: Jan | C39: Feb | D39: Mar | E39: Apr | F39: May | G39: Jun | H39: Jul | I39: Aug | J39: Sep | K39: Oct | L39: Nov | M39: Dec
B40: =IF(B33="","",B36/SUM(B33:B36)) | C40: =IF(C33="","",C36/SUM(C33:C36)) | D40: =IF(D33="","",D36/SUM(D33:D36)) | E40: =IF(E33="","",E36/SUM(E33:E36)) | F40: =IF(F33="","",F36/SUM(F33:F36)) | G40: =IF(G33="","",G36/SUM(G33:G36)) | H40: =IF(H33="","",H36/SUM(H33:H36)) | I40: =IF(I33="","",I36/SUM(I33:I36)) | ... M40: =IF(M33="","",M36/SUM(M33:M36))
